Typ,Datum,Kommentar
"System","2025-10-26 22:07:43","→ Uppdaterar systeminfo..."
"System","2025-10-26 22:07:43","✅ Systeminfo sparad till /home/kate/docs-engine/dashboard/assets/data/systeminfo.json"
"System","2025-10-26 22:07:43","→ Uppdaterar inloggningsdata..."
"System","2025-10-26 22:07:43","✅ Dashboard uppdaterad: /home/kate/docs-engine/exports/html/login_dashboard.html"
"System","2025-10-26 22:07:43","→ Uppdaterar kommandostatistik..."
"Kommandostatistik","2025-10-26 22:07:43","✅ Statistik genererad i ../assets/data/command_stats.csv"
"System","2025-10-26 22:07:43","→ Uppdaterar tidslinje..."
"Kommandostatistik","2025-10-26 22:07:43","✅ Tidslinje-data genererad i ../assets/data/commands_per_day.csv"
"System","2025-10-26 22:07:43","→ Uppdaterar systemöversikt..."
"System","2025-10-26 22:07:43","✅ Översikt skapad: /home/kate/docs-engine/dashboard/html/system_oversikt.html"
"System","2025-10-26 22:07:43","✅ Alla uppdateringar klara: Sun Oct 26 10:07:43 PM CET 2025"
"System","2025-10-26 23:31:12","→ Uppdaterar systeminfo..."
"System","2025-10-26 23:31:12","✅ Systeminfo sparad till /home/kate/docs-engine/dashboard/assets/data/systeminfo.json"
"System","2025-10-26 23:31:12","→ Uppdaterar inloggningsdata..."
"System","2025-10-26 23:31:12","✅ Dashboard uppdaterad: /home/kate/docs-engine/exports/html/login_dashboard.html"
"System","2025-10-26 23:31:12","→ Uppdaterar kommandostatistik..."
"Kommandostatistik","2025-10-26 23:31:12","✅ Statistik genererad i ../assets/data/command_stats.csv"
"Kommandostatistik","2025-10-26 23:31:12","→ Uppdaterar tidslinje (commands_per_day.csv)..."
"Kommandostatistik","2025-10-26 23:31:12","✅ Tidslinje-data genererad i ../assets/data/commands_per_day.csv"
"System","2025-10-26 23:31:12","✅ Översikt skapad: /home/kate/docs-engine/dashboard/html/system_oversikt.html"
"System","2025-10-26 23:31:12","✅ Projektstruktur sparad i: /home/kate/docs-engine/dashboard/assets/data/project_structure.html"
"System","2025-10-26 23:31:12","→ Uppdaterar sida: kontrollrapport.html"
"System","2025-10-26 23:31:12","→ Uppdaterar sida: mentor_feedback.html"
"System","2025-10-26 23:31:12","→ Uppdaterar sida: min_utveckling.html"
"System","2025-10-26 23:31:12","→ Uppdaterar sida: system_oversikt.html"
"System","2025-10-26 23:31:12","→ Uppdaterar sida: utvecklingsoversikt.html"
"System","2025-10-26 23:31:12","✅ Alla uppdateringar klara: Sun Oct 26 11:31:12 PM CET 2025"
"System","2025-10-27 19:00:01","→ Uppdaterar systeminfo..."
"System","2025-10-27 19:00:01","✅ Systeminfo sparad till /home/kate/docs-engine/dashboard/assets/data/systeminfo.json"
"System","2025-10-27 19:00:01","→ Uppdaterar inloggningsdata..."
"System","2025-10-27 19:00:01","✅ Dashboard uppdaterad: /home/kate/docs-engine/exports/html/login_dashboard.html"
"System","2025-10-27 19:00:01","→ Uppdaterar kommandostatistik..."
"Kommandostatistik","2025-10-27 19:00:01","✅ Statistik genererad i ../assets/data/command_stats.csv"
"Kommandostatistik","2025-10-27 19:00:01","→ Uppdaterar tidslinje (commands_per_day.csv)..."
"Kommandostatistik","2025-10-27 19:00:01","✅ Tidslinje-data genererad i ../assets/data/commands_per_day.csv"
"System","2025-10-27 19:00:01","✅ Översikt skapad: /home/kate/docs-engine/dashboard/html/system_oversikt.html"
"System","2025-10-27 19:00:01","✅ Projektstruktur sparad i: /home/kate/docs-engine/dashboard/assets/data/project_structure.html"
"System","2025-10-27 19:00:01","→ Uppdaterar sida: kontrollrapport_final.html"
"System","2025-10-27 19:00:01","→ Uppdaterar sida: kontrollrapport.html"
"System","2025-10-27 19:00:01","→ Uppdaterar sida: layout_master.html"
"System","2025-10-27 19:00:01","→ Uppdaterar sida: mentor_feedback.html"
"System","2025-10-27 19:00:01","→ Uppdaterar sida: min_utveckling.html"
"System","2025-10-27 19:00:01","→ Uppdaterar sida: system_oversikt_final.html"
"System","2025-10-27 19:00:01","→ Uppdaterar sida: system_oversikt.html"
"System","2025-10-27 19:00:01","→ Uppdaterar sida: utvecklingsoversikt.html"
"System","2025-10-27 19:00:01","✅ Alla uppdateringar klara: Mon Oct 27 07:00:01 PM CET 2025"
"System","2025-10-27 23:55:40","→ Uppdaterar systeminfo..."
"System","2025-10-27 23:55:40","✅ Systeminfo sparad till /home/kate/docs-engine/dashboard/assets/data/systeminfo.json"
"System","2025-10-27 23:55:40","→ Uppdaterar inloggningsdata..."
"System","2025-10-27 23:55:40","✅ Dashboard uppdaterad: /home/kate/docs-engine/exports/html/login_dashboard.html"
"System","2025-10-27 23:55:40","→ Uppdaterar kommandostatistik..."
"Kommandostatistik","2025-10-27 23:55:40","✅ Statistik genererad i ../assets/data/command_stats.csv"
"Kommandostatistik","2025-10-27 23:55:40","→ Uppdaterar tidslinje (commands_per_day.csv)..."
"Kommandostatistik","2025-10-27 23:55:40","✅ Tidslinje-data genererad i ../assets/data/commands_per_day.csv"
"System","2025-10-27 23:55:40","✅ Översikt skapad: /home/kate/docs-engine/dashboard/html/system_oversikt.html"
"System","2025-10-27 23:55:40","✅ Projektstruktur sparad i: /home/kate/docs-engine/dashboard/assets/data/project_structure.html"
"System","2025-10-27 23:55:40","→ Uppdaterar sida: kontrollrapport_final.html"
"System","2025-10-27 23:55:40","→ Uppdaterar sida: kontrollrapport.html"
"System","2025-10-27 23:55:40","→ Uppdaterar sida: layout_master.html"
"System","2025-10-27 23:55:40","→ Uppdaterar sida: mentor_feedback.html"
"System","2025-10-27 23:55:40","→ Uppdaterar sida: min_utveckling.html"
"System","2025-10-27 23:55:40","→ Uppdaterar sida: system_oversikt_final.html"
"System","2025-10-27 23:55:40","→ Uppdaterar sida: system_oversikt.html"
"System","2025-10-27 23:55:40","→ Uppdaterar sida: utvecklingsoversikt.html"
"AI-analys","2025-10-27 23:55:40","→ Uppdaterar AI-kompetens..."
"System","2025-10-27 23:55:40","✅ Kompetensdata uppdaterad i: /home/kate/docs-engine/dashboard/assets/data/ai_competence.json"
"System","2025-10-27 23:55:40","✅ Kompetensdata uppdaterad i: /home/kate/docs-engine/dashboard/assets/data/ai_competence.json"
"AI-analys","2025-10-27 23:55:40","✅ AI-kommentar uppdaterad: /home/kate/docs-engine/dashboard/assets/data/ai_comment.txt"
"System","2025-10-27 23:55:40","✅ Strukturen är nu uppdaterad!"
"System","2025-10-27 23:55:40","✅ Alla uppdateringar klara: Mon Oct 27 11:55:40 PM CET 2025"
"System","2025-10-28 00:36:33","→ Uppdaterar systeminfo..."
"System","2025-10-28 00:36:33","✅ Systeminfo sparad till /home/kate/docs-engine/dashboard/assets/data/systeminfo.json"
"System","2025-10-28 00:36:33","→ Uppdaterar inloggningsdata..."
"System","2025-10-28 00:36:33","✅ Dashboard uppdaterad: /home/kate/docs-engine/exports/html/login_dashboard.html"
"System","2025-10-28 00:36:33","→ Uppdaterar kommandostatistik..."
"Kommandostatistik","2025-10-28 00:36:33","✅ Statistik genererad i ../assets/data/command_stats.csv"
"Kommandostatistik","2025-10-28 00:36:33","→ Uppdaterar tidslinje (commands_per_day.csv)..."
"Kommandostatistik","2025-10-28 00:36:33","✅ Tidslinje-data genererad i ../assets/data/commands_per_day.csv"
"System","2025-10-28 00:36:33","✅ Översikt skapad: /home/kate/docs-engine/dashboard/html/system_oversikt.html"
"System","2025-10-28 00:36:33","✅ Projektstruktur sparad i: /home/kate/docs-engine/dashboard/assets/data/project_structure.html"
"System","2025-10-28 00:36:33","→ Uppdaterar sida: kontrollrapport_final.html"
"System","2025-10-28 00:36:33","→ Uppdaterar sida: kontrollrapport.html"
"System","2025-10-28 00:36:33","→ Uppdaterar sida: layout_master.html"
"System","2025-10-28 00:36:33","→ Uppdaterar sida: mentor_feedback.html"
"System","2025-10-28 00:36:33","→ Uppdaterar sida: min_utveckling.html"
"System","2025-10-28 00:36:33","→ Uppdaterar sida: system_oversikt_final.html"
"System","2025-10-28 00:36:33","→ Uppdaterar sida: system_oversikt.html"
"System","2025-10-28 00:36:33","→ Uppdaterar sida: utvecklingsoversikt.html"
"AI-analys","2025-10-28 00:36:33","→ Uppdaterar AI-kompetens..."
"System","2025-10-28 00:36:33","✅ Kompetensdata uppdaterad i: /home/kate/docs-engine/dashboard/assets/data/ai_competence.json"
"System","2025-10-28 00:36:33","✅ Kompetensdata uppdaterad i: /home/kate/docs-engine/dashboard/assets/data/ai_competence.json"
"AI-analys","2025-10-28 00:36:33","✅ AI-kommentar uppdaterad: /home/kate/docs-engine/dashboard/assets/data/ai_comment.txt"
"System","2025-10-28 00:36:33","✅ Strukturen är nu uppdaterad!"
"AI-analys","2025-10-28 00:36:33","→ Uppdaterar AI-kompetens..."
"System","2025-10-28 00:36:33","✅ Kompetensdata uppdaterad i: /home/kate/docs-engine/dashboard/assets/data/ai_competence.json"
"System","2025-10-28 00:36:33","✅ Kompetensdata uppdaterad i: /home/kate/docs-engine/dashboard/assets/data/ai_competence.json"
"AI-analys","2025-10-28 00:36:33","✅ AI-kommentar uppdaterad: /home/kate/docs-engine/dashboard/assets/data/ai_comment.txt"
"System","2025-10-28 00:36:33","✅ Alla uppdateringar klara: Tue Oct 28 12:36:33 AM CET 2025"
"System","2025-10-28 00:37:53","→ Uppdaterar systeminfo..."
"System","2025-10-28 00:37:53","✅ Systeminfo sparad till /home/kate/docs-engine/dashboard/assets/data/systeminfo.json"
"System","2025-10-28 00:37:53","→ Uppdaterar inloggningsdata..."
"System","2025-10-28 00:37:53","✅ Dashboard uppdaterad: /home/kate/docs-engine/exports/html/login_dashboard.html"
"System","2025-10-28 00:37:53","→ Uppdaterar kommandostatistik..."
"Kommandostatistik","2025-10-28 00:37:53","✅ Statistik genererad i ../assets/data/command_stats.csv"
"Kommandostatistik","2025-10-28 00:37:53","→ Uppdaterar tidslinje (commands_per_day.csv)..."
"Kommandostatistik","2025-10-28 00:37:53","✅ Tidslinje-data genererad i ../assets/data/commands_per_day.csv"
"System","2025-10-28 00:37:53","✅ Översikt skapad: /home/kate/docs-engine/dashboard/html/system_oversikt.html"
"System","2025-10-28 00:37:53","✅ Projektstruktur sparad i: /home/kate/docs-engine/dashboard/assets/data/project_structure.html"
"System","2025-10-28 00:37:53","→ Uppdaterar sida: kontrollrapport_final.html"
"System","2025-10-28 00:37:53","→ Uppdaterar sida: kontrollrapport.html"
"System","2025-10-28 00:37:53","→ Uppdaterar sida: layout_master.html"
"System","2025-10-28 00:37:53","→ Uppdaterar sida: mentor_feedback.html"
"System","2025-10-28 00:37:53","→ Uppdaterar sida: min_utveckling.html"
"System","2025-10-28 00:37:53","→ Uppdaterar sida: system_oversikt_final.html"
"System","2025-10-28 00:37:53","→ Uppdaterar sida: system_oversikt.html"
"System","2025-10-28 00:37:53","→ Uppdaterar sida: utvecklingsoversikt.html"
"AI-analys","2025-10-28 00:37:53","→ Uppdaterar AI-kompetens..."
"System","2025-10-28 00:37:53","✅ Kompetensdata uppdaterad i: /home/kate/docs-engine/dashboard/assets/data/ai_competence.json"
"System","2025-10-28 00:37:53","✅ Kompetensdata uppdaterad i: /home/kate/docs-engine/dashboard/assets/data/ai_competence.json"
"AI-analys","2025-10-28 00:37:53","✅ AI-kommentar uppdaterad: /home/kate/docs-engine/dashboard/assets/data/ai_comment.txt"
"System","2025-10-28 00:37:53","✅ Strukturen är nu uppdaterad!"
"AI-analys","2025-10-28 00:37:53","→ Uppdaterar AI-kompetens..."
"System","2025-10-28 00:37:53","✅ Kompetensdata uppdaterad i: /home/kate/docs-engine/dashboard/assets/data/ai_competence.json"
"System","2025-10-28 00:37:53","✅ Kompetensdata uppdaterad i: /home/kate/docs-engine/dashboard/assets/data/ai_competence.json"
"AI-analys","2025-10-28 00:37:53","✅ AI-kommentar uppdaterad: /home/kate/docs-engine/dashboard/assets/data/ai_comment.txt"
"System","2025-10-28 00:37:53","✅ Alla uppdateringar klara: Tue Oct 28 12:37:53 AM CET 2025"
"System","2025-10-28 08:47:30","→ Uppdaterar systeminfo..."
"System","2025-10-28 08:47:30","✅ Systeminfo sparad till /home/kate/docs-engine/dashboard/assets/data/systeminfo.json"
"System","2025-10-28 08:47:30","→ Uppdaterar inloggningsdata..."
"System","2025-10-28 08:47:30","✅ Dashboard uppdaterad: /home/kate/docs-engine/exports/html/login_dashboard.html"
"System","2025-10-28 08:47:30","→ Uppdaterar kommandostatistik..."
"Kommandostatistik","2025-10-28 08:47:30","✅ Statistik genererad i ../assets/data/command_stats.csv"
"Kommandostatistik","2025-10-28 08:47:30","✅ Statistik sparad till: /home/kate/docs-engine/dashboard/assets/data/command_stats.csv"
"Kommandostatistik","2025-10-28 08:47:30","→ Uppdaterar tidslinje (commands_per_day.csv)..."
"Kommandostatistik","2025-10-28 08:47:30","✅ Tidslinje-data genererad i ../assets/data/commands_per_day.csv"
"System","2025-10-28 08:47:30","✅ Översikt skapad: /home/kate/docs-engine/dashboard/html/system_oversikt.html"
"System","2025-10-28 08:47:30","✅ Projektstruktur sparad i: /home/kate/docs-engine/dashboard/assets/data/project_structure.html"
"System","2025-10-28 08:47:30","→ Uppdaterar sida: kontrollrapport_final.html"
"System","2025-10-28 08:47:30","→ Uppdaterar sida: kontrollrapport.html"
"System","2025-10-28 08:47:30","→ Uppdaterar sida: layout_master.html"
"System","2025-10-28 08:47:30","→ Uppdaterar sida: loggar.html"
"System","2025-10-28 08:47:30","→ Uppdaterar sida: mentor_feedback.html"
"System","2025-10-28 08:47:30","→ Uppdaterar sida: min_utveckling.html"
"System","2025-10-28 08:47:30","→ Uppdaterar sida: system_oversikt_final.html"
"System","2025-10-28 08:47:30","→ Uppdaterar sida: system_oversikt.html"
"System","2025-10-28 08:47:30","→ Uppdaterar sida: utvecklingsoversikt.html"
"AI-analys","2025-10-28 08:47:30","→ Uppdaterar AI-kompetens..."
"System","2025-10-28 08:47:30","✅ Kompetensdata uppdaterad i: /home/kate/docs-engine/dashboard/assets/data/ai_competence.json"
"System","2025-10-28 08:47:30","✅ Kompetensdata uppdaterad i: /home/kate/docs-engine/dashboard/assets/data/ai_competence.json"
"AI-analys","2025-10-28 08:47:30","✅ AI-kommentar uppdaterad: /home/kate/docs-engine/dashboard/assets/data/ai_comment.txt"
"System","2025-10-28 08:47:30","✅ Strukturen är nu uppdaterad!"
"AI-analys","2025-10-28 08:47:30","→ Uppdaterar AI-kompetens..."
"System","2025-10-28 08:47:30","✅ Kompetensdata uppdaterad i: /home/kate/docs-engine/dashboard/assets/data/ai_competence.json"
"System","2025-10-28 08:47:30","✅ Kompetensdata uppdaterad i: /home/kate/docs-engine/dashboard/assets/data/ai_competence.json"
"AI-analys","2025-10-28 08:47:30","✅ AI-kommentar uppdaterad: /home/kate/docs-engine/dashboard/assets/data/ai_comment.txt"
"System","2025-10-28 08:47:30","✅ Alla uppdateringar klara: Tue Oct 28 08:47:30 AM CET 2025"
"System","2025-10-28 08:57:10","→ Uppdaterar systeminfo..."
"System","2025-10-28 08:57:10","✅ Systeminfo sparad till /home/kate/docs-engine/dashboard/assets/data/systeminfo.json"
"System","2025-10-28 08:57:10","→ Uppdaterar inloggningsdata..."
"System","2025-10-28 08:57:10","✅ Dashboard uppdaterad: /home/kate/docs-engine/exports/html/login_dashboard.html"
"System","2025-10-28 08:57:10","→ Uppdaterar kommandostatistik..."
"Kommandostatistik","2025-10-28 08:57:10","✅ Statistik genererad i ../assets/data/command_stats.csv"
"System","2025-10-28 08:57:10","→ Uppdaterar full kommandologg..."
"Kommandostatistik","2025-10-28 08:57:10","✅ Full kommandologg uppdaterad: /home/kate/docs-engine/dashboard/assets/data/full_command_log.csv"
"Kommandostatistik","2025-10-28 08:57:10","→ Uppdaterar tidslinje (commands_per_day.csv)..."
"Kommandostatistik","2025-10-28 08:57:10","✅ Tidslinje-data genererad i ../assets/data/commands_per_day.csv"
"Kommandostatistik","2025-10-28 08:57:10","→ Uppdaterar tidslinje (commands_per_day.csv)..."
"Kommandostatistik","2025-10-28 08:57:10","✅ Tidslinje-data genererad i ../assets/data/commands_per_day.csv"
"System","2025-10-28 08:57:10","✅ Översikt skapad: /home/kate/docs-engine/dashboard/html/system_oversikt.html"
"System","2025-10-28 08:57:10","✅ Projektstruktur sparad i: /home/kate/docs-engine/dashboard/assets/data/project_structure.html"
"System","2025-10-28 08:57:10","→ Uppdaterar sida: kontrollrapport_final.html"
"System","2025-10-28 08:57:10","→ Uppdaterar sida: kontrollrapport.html"
"System","2025-10-28 08:57:10","→ Uppdaterar sida: layout_master.html"
"System","2025-10-28 08:57:10","→ Uppdaterar sida: loggar.html"
"System","2025-10-28 08:57:10","→ Uppdaterar sida: mentor_feedback.html"
"System","2025-10-28 08:57:10","→ Uppdaterar sida: min_utveckling.html"
"System","2025-10-28 08:57:10","→ Uppdaterar sida: system_oversikt_final.html"
"System","2025-10-28 08:57:10","→ Uppdaterar sida: system_oversikt.html"
"System","2025-10-28 08:57:10","→ Uppdaterar sida: utvecklingsoversikt.html"
"AI-analys","2025-10-28 08:57:10","→ Uppdaterar AI-kompetens..."
"System","2025-10-28 08:57:10","✅ Kompetensdata uppdaterad i: /home/kate/docs-engine/dashboard/assets/data/ai_competence.json"
"System","2025-10-28 08:57:10","✅ Kompetensdata uppdaterad i: /home/kate/docs-engine/dashboard/assets/data/ai_competence.json"
"AI-analys","2025-10-28 08:57:10","✅ AI-kommentar uppdaterad: /home/kate/docs-engine/dashboard/assets/data/ai_comment.txt"
"System","2025-10-28 08:57:10","✅ Strukturen är nu uppdaterad!"
"AI-analys","2025-10-28 08:57:10","→ Uppdaterar AI-kompetens..."
"System","2025-10-28 08:57:10","✅ Kompetensdata uppdaterad i: /home/kate/docs-engine/dashboard/assets/data/ai_competence.json"
"System","2025-10-28 08:57:10","✅ Kompetensdata uppdaterad i: /home/kate/docs-engine/dashboard/assets/data/ai_competence.json"
"AI-analys","2025-10-28 08:57:10","✅ AI-kommentar uppdaterad: /home/kate/docs-engine/dashboard/assets/data/ai_comment.txt"
"System","2025-10-28 08:57:10","✅ Alla uppdateringar klara: Tue Oct 28 08:57:10 AM CET 2025"
"System","2025-10-28 19:01:05","→ Uppdaterar systeminfo..."
"System","2025-10-28 19:01:05","✅ Systeminfo sparad till /home/kate/docs-engine/dashboard/assets/data/systeminfo.json"
"System","2025-10-28 19:01:05","→ Uppdaterar inloggningsdata..."
"System","2025-10-28 19:01:05","✅ Dashboard uppdaterad: /home/kate/docs-engine/exports/html/login_dashboard.html"
"System","2025-10-28 19:01:05","→ Uppdaterar kommandostatistik..."
"Kommandostatistik","2025-10-28 19:01:05","✅ Statistik genererad i ../assets/data/command_stats.csv"
"System","2025-10-28 19:01:05","→ Uppdaterar full kommandologg..."
"Kommandostatistik","2025-10-28 19:01:05","✅ Full kommandologg uppdaterad: /home/kate/docs-engine/dashboard/assets/data/full_command_log.csv"
"Kommandostatistik","2025-10-28 19:01:05","→ Uppdaterar tidslinje (commands_per_day.csv)..."
"Kommandostatistik","2025-10-28 19:01:05","✅ Tidslinje-data genererad i ../assets/data/commands_per_day.csv"
"Kommandostatistik","2025-10-28 19:01:05","→ Uppdaterar tidslinje (commands_per_day.csv)..."
"Kommandostatistik","2025-10-28 19:01:05","✅ Tidslinje-data genererad i ../assets/data/commands_per_day.csv"
"System","2025-10-28 19:01:05","✅ Översikt skapad: /home/kate/docs-engine/dashboard/html/system_oversikt.html"
"System","2025-10-28 19:01:05","✅ Projektstruktur sparad i: /home/kate/docs-engine/dashboard/assets/data/project_structure.html"
"System","2025-10-28 19:01:05","→ Uppdaterar sida: kontrollrapport_final.html"
"System","2025-10-28 19:01:05","→ Uppdaterar sida: kontrollrapport.html"
"System","2025-10-28 19:01:05","→ Uppdaterar sida: layout_master.html"
"System","2025-10-28 19:01:05","→ Uppdaterar sida: loggar.html"
"System","2025-10-28 19:01:05","→ Uppdaterar sida: login_dashboard.html"
"System","2025-10-28 19:01:05","→ Uppdaterar sida: mentor_feedback.html"
"System","2025-10-28 19:01:05","→ Uppdaterar sida: min_utveckling.html"
"System","2025-10-28 19:01:05","→ Uppdaterar sida: system_oversikt_final.html"
"System","2025-10-28 19:01:05","→ Uppdaterar sida: system_oversikt.html"
"System","2025-10-28 19:01:05","→ Uppdaterar sida: utvecklingsoversikt.html"
"AI-analys","2025-10-28 19:01:05","→ Uppdaterar AI-kompetens..."
"System","2025-10-28 19:01:05","✅ Kompetensdata uppdaterad i: /home/kate/docs-engine/dashboard/assets/data/ai_competence.json"
"System","2025-10-28 19:01:05","✅ Kompetensdata uppdaterad i: /home/kate/docs-engine/dashboard/assets/data/ai_competence.json"
"AI-analys","2025-10-28 19:01:05","✅ AI-kommentar uppdaterad: /home/kate/docs-engine/dashboard/assets/data/ai_comment.txt"
"Export","2025-10-28 19:01:05","✅ PDF-rapporter kopierade."
"System","2025-10-28 19:01:05","✅ Strukturen är nu uppdaterad!"
"System","2025-10-28 19:01:05","✅ Struktur rensad och loggar uppdaterade."
"System","2025-10-28 19:01:05","✅ Mappstruktur uppdaterad."
"System","2025-10-28 19:01:05","✅ GitHub uppdaterad: https://github.com/KateSofiaPetersen/linux-dashboard"
"System","2025-10-28 19:01:05","✅ Alla uppdateringar klara: Tue Oct 28 07:01:05 PM CET 2025"
